{
"0": [
{ "r": 0.973708,
"pos": [-6.55385,8.00958,0]}
]
,
"1": [
{ "r": 0.973708,
"pos": [-6.98297,7.67306,0]}
]
}
